name,
5Dev,
Answer,
ANVL,
Bike Yoke,
BOX,
BSD,
BURGTEC,
Cane Creek,
CHROMAG,
Cinelli,
Cirrus Cycles,
Control Tech,
Cult,
Deda Elementi,
Deity,
Dimension,
DMR,
e*thirteen,
Easton,
Eclat,
ENVE COMPOSITES,
FSA,
GENETIC,
Gusset,
Hope,
INDUSTRY NINE,
Kalloy,
KIND SHOCK,
Maverick,
MSW,
Nitto,
Odyssey,
OneUp Components,
Paul Components,
PEMBREE,
Profile Design,
Profile Racing,
Promax,
ProTaper,
Race Face,
Redshift,
RENTHAL,
Reverse,
Ridefarr,
Ritchey,
Salsa,
Salt,
Salt Plus,
Soma,
SPANK,
SPECIALIZED,
STOLEN,
Sunday,
Syntace,
Tag Metals,
Tangent Products,
THE SHADOW CONSPIRACY,
Thomson,
Tranz-X,
Truvativ,
VELO ORANGE,
We The People,
WHISKY PARTS CO.,
Zipp,
Zoom,